Comment,Designator,Footprint,LCSC,Quantity
1.5k,R4,R_0603_1608Metric,C22843,1
100R,"R16,R18,R8",R_0603_1608Metric,C22775,3
100k,R10,R_0603_1608Metric,C25803,1
100nF,"C1,C10,C101,C102,C103,C104,C105,C106,C107,C108,C11,C111,C112,C12,C13,C14,C15,C16,C17,C18,C19,C20,C21,C22,C23,C24,C25,C26,C27,C28,C29,C30,C31,C32,C33,C34,C35,C36,C37,C38,C39,C40,C41,C42,C43,C44,C45,C46,C47,C48,C49,C50,C51,C52,C53,C54,C55,C56,C57,C58,C59,C60,C61,C62,C63,C64,C65,C66,C67,C68,C69,C7,C70,C71,C72,C73,C74,C75,C76,C77,C78,C79,C8,C80,C81,C82,C83,C84,C85,C86,C87,C88,C89,C9,C90,C91,C92,C93,C94,C95,C96,C97,C98",C_0603_1608Metric,C14663,103
10k,"R15,R17,R19,R20,R6,R7,R9",R_0603_1608Metric,C25804,7
1N4148W,"D10,D11,D12,D13,D14,D15,D16,D17,D18,D19,D20,D21,D22,D23,D24,D25,D26,D27,D28,D29,D3,D30,D31,D32,D33,D34,D35,D36,D37,D38,D39,D4,D40,D41,D42,D43,D44,D45,D46,D47,D48,D49,D5,D50,D51,D52,D53,D54,D55,D56,D57,D58,D59,D6,D60,D61,D62,D63,D64,D65,D66,D67,D68,D69,D7,D70,D71,D72,D73,D74,D75,D76,D77,D78,D79,D8,D80,D81,D82,D83,D84,D9",D_SOD-123,C81598,82
1uF,"C5,C6",C_0603_1608Metric,C15849,2
2N7002,"Q1,Q2,Q3",SOT-23,C8545,3
3.9k,R5,R_0603_1608Metric,C23018,1
4.7uF,"C2,C3,C4",C_0603_1608Metric,C19666,3
47k,R3,R_0603_1608Metric,C25819,1
5.1K,R13,R_0603_1608Metric,C23186,1
5.1k,"R1,R14,R2",R_0603_1608Metric,C23186,3
750 mA,F1,Fuse_0603_1608Metric,C914092,1
A03401A,"J3,J5",SOT-23,C9900019683,2
BLM15PX121SN1D,"L1,L2",C_0402_1005Metric,C88970,2
BQ24075RGT,U3,VQFN-16-1EP_3x3mm_P0.5mm_EP1.6x1.6mm,C2865459,1
Conn_01x02_Socket,J2,JST_PH_S2B-PH-K_1x02_P2.00mm_Horizontal,C173752,1
D,D1,D_SOD-323,C151996,1
LED,D2,LED_0603_1608Metric,C2290,1
MAX17048,U5,DFN-8-1EP_2x2mm_P0.5mm_EP0.8x1.6mm,C2682616,1
SK6812,"D100,D85,D86,D87,D88,D89,D90,D91,D92,D93,D94,D95,D96,D97,D98,D99",LED_SK6812MINI_PLCC4_3.5x3.5mm_P1.75mm,C7423118,16
SK6812MINI-E,"LED1,LED10,LED11,LED12,LED13,LED14,LED15,LED16,LED17,LED18,LED19,LED2,LED20,LED21,LED22,LED23,LED24,LED25,LED26,LED27,LED28,LED29,LED3,LED30,LED31,LED32,LED33,LED34,LED35,LED36,LED37,LED38,LED39,LED4,LED40,LED41,LED42,LED43,LED44,LED45,LED46,LED47,LED48,LED49,LED5,LED50,LED51,LED52,LED53,LED54,LED55,LED56,LED57,LED58,LED59,LED6,LED60,LED61,LED62,LED63,LED64,LED65,LED66,LED67,LED68,LED69,LED7,LED70,LED71,LED72,LED73,LED74,LED75,LED76,LED77,LED78,LED79,LED8,LED80,LED81,LED82,LED83,LED84,LED9",LED_MX_6028R,C5149201,84
SW_Push,SW2,SW_TS-1088-AR02016,C720477,1
SW_SPDT,SW1,SW_SSSS811101,C109335,1
USBLC6-2P6,U6,SOT-666,C3647099,1
USB_C_Receptacle_USB2.0_16P,J1,USB_C_Receptacle_HRO_TYPE-C-31-M-12,C165948,1
XC6206PxxxMR,U4,SOT-23-3,C5446,1
MX_stab,S6,MountingHole_2.2mm_M2,,1
Conn_01x06,J4,PinHeader_1x06_P1.27mm_Vertical,,1
MX_stab,S7,MountingHole_2.2mm_M2,,1
MX_stab,S1,STAB_MX_P_6.25u,,1
Conn_01x05_Pin,J7,PinSocket_1x05_P2.54mm_Vertical,,1
MX_stab,S8,MountingHole_2.2mm_M2,,1
MX_stab,S4,STAB_MX_2.25u,,1
MX_stab,S3,STAB_MX_2u,,1
MX_stab,S5,MountingHole_2.2mm_M2,,1
MX_stab,S2,STAB_MX_2.25u,,1
MX_SW_HS,MX37,SW_MX_HS_CPG151101S11_1u,,1
1.75,MX32,SW_MX_HS_CPG151101S11_1.75u,,1
1.75,MX72,SW_MX_HS_CPG151101S11_1.75u,,1
MX_SW_HS,MX80,SW_MX_HS_CPG151101S11_1u,,1
MX_SW_HS,MX33,SW_MX_HS_CPG151101S11_1u,,1
MX_SW_HS,MX79,SW_MX_HS_CPG151101S11_1u,,1
nRF52840_holyiot_18010,U1,nRF52840_holyiot_18010,,1
1.25,MX75,SW_MX_HS_CPG151101S11_1.25u,,1
SPACE,MX76,SW_MX_HS_CPG151101S11_6u,,1
2,MX29,SW_MX_HS_CPG151101S11_2u,,1
MX_SW_HS,MX2,SW_MX_HS_CPG151101S11_1u,,1
1.5,MX31,SW_MX_HS_CPG151101S11_1.5u,,1
MX_SW_HS,MX64,SW_MX_HS_CPG151101S11_1u,,1
MX_SW_HS,MX42,SW_MX_HS_CPG151101S11_1u,,1
MX_SW_HS,MX66,SW_MX_HS_CPG151101S11_1u,,1
1.5,MX57,SW_MX_HS_CPG151101S11_1.5u,,1
MX_SW_HS,MX22,SW_MX_HS_CPG151101S11_1u,,1
MX_SW_HS,MX17,SW_MX_HS_CPG151101S11_1u,,1
MX_SW_HS,MX53,SW_MX_HS_CPG151101S11_1u,,1
MX_SW_HS,MX52,SW_MX_HS_CPG151101S11_1u,,1
MX_SW_HS,MX41,SW_MX_HS_CPG151101S11_1u,,1
MX_SW_HS,MX21,SW_MX_HS_CPG151101S11_1u,,1
MX_SW_HS,MX54,SW_MX_HS_CPG151101S11_1u,,1
MX_SW_HS,MX51,SW_MX_HS_CPG151101S11_1u,,1
MX_SW_HS,MX62,SW_MX_HS_CPG151101S11_1u,,1
MX_SW_HS,MX59,SW_MX_HS_CPG151101S11_1u,,1
MX_SW_HS,MX55,SW_MX_HS_CPG151101S11_1u,,1
MX_SW_HS,MX46,SW_MX_HS_CPG151101S11_1u,,1
MX_SW_HS,MX45,SW_MX_HS_CPG151101S11_1u,,1
MX_SW_HS,MX43,SW_MX_HS_CPG151101S11_1u,,1
MX_SW_HS,MX49,SW_MX_HS_CPG151101S11_1u,,1
MX_SW_HS,MX6,SW_MX_HS_CPG151101S11_1u,,1
MX_SW_HS,MX20,SW_MX_HS_CPG151101S11_1u,,1
MX_SW_HS,MX13,SW_MX_HS_CPG151101S11_1u,,1
MX_SW_HS,MX69,SW_MX_HS_CPG151101S11_1u,,1
MX_SW_HS,MX39,SW_MX_HS_CPG151101S11_1u,,1
MX_SW_HS,MX27,SW_MX_HS_CPG151101S11_1u,,1
1.25,MX73,SW_MX_HS_CPG151101S11_1.25u,,1
MX_SW_HS,MX28,SW_MX_HS_CPG151101S11_1u,,1
MX_SW_HS,MX5,SW_MX_HS_CPG151101S11_1u,,1
MX_SW_HS,MX8,SW_MX_HS_CPG151101S11_1u,,1
MX_SW_HS,MX4,SW_MX_HS_CPG151101S11_1u,,1
MX_SW_HS,MX25,SW_MX_HS_CPG151101S11_1u,,1
MX_SW_HS,MX16,SW_MX_HS_CPG151101S11_1u,,1
MX_SW_HS,MX63,SW_MX_HS_CPG151101S11_1u,,1
MX_SW_HS,MX19,SW_MX_HS_CPG151101S11_1u,,1
MX_SW_HS,MX9,SW_MX_HS_CPG151101S11_1u,,1
MX_SW_HS,MX81,SW_MX_HS_CPG151101S11_1u,,1
MX_SW_HS,MX40,SW_MX_HS_CPG151101S11_1u,,1
1.25,MX74,SW_MX_HS_CPG151101S11_1.25u,,1
MX_SW_HS,MX67,SW_MX_HS_CPG151101S11_1u,,1
MX_SW_HS,MX68,SW_MX_HS_CPG151101S11_1u,,1
MX_SW_HS,MX30,SW_MX_HS_CPG151101S11_1u,,1
MX_SW_HS,MX58,SW_MX_HS_CPG151101S11_1u,,1
MX_SW_HS,MX65,SW_MX_HS_CPG151101S11_1u,,1
MX_SW_HS,MX24,SW_MX_HS_CPG151101S11_1u,,1
MX_SW_HS,MX35,SW_MX_HS_CPG151101S11_1u,,1
MX_SW_HS,MX34,SW_MX_HS_CPG151101S11_1u,,1
MX_SW_HS,MX1,SW_MX_HS_CPG151101S11_1u,,1
MX_SW_HS,MX14,SW_MX_HS_CPG151101S11_1u,,1
MX_SW_HS,MX47,SW_MX_HS_CPG151101S11_1u,,1
MX_SW_HS,MX77,SW_MX_HS_CPG151101S11_1u,,1
MX_SW_HS,MX23,SW_MX_HS_CPG151101S11_1u,,1
MX_SW_HS,MX48,SW_MX_HS_CPG151101S11_1u,,1
MX_SW_HS,MX38,SW_MX_HS_CPG151101S11_1u,,1
MX_SW_HS,MX82,SW_MX_HS_CPG151101S11_1u,,1
MX_SW_HS,MX12,SW_MX_HS_CPG151101S11_1u,,1
MX_SW_HS,MX70,SW_MX_HS_CPG151101S11_1u,,1
MX_SW_HS,MX11,SW_MX_HS_CPG151101S11_1u,,1
MX_SW_HS,MX78,SW_MX_HS_CPG151101S11_1u,,1
MX_SW_HS,MX3,SW_MX_HS_CPG151101S11_1u,,1
MX_SW_HS,MX26,SW_MX_HS_CPG151101S11_1u,,1
MX_SW_HS,MX7,SW_MX_HS_CPG151101S11_1u,,1
2.25,MX56,SW_MX_HS_CPG151101S11_2.25u,,1
MX_SW_HS,MX71,SW_MX_HS_CPG151101S11_1u,,1
MX_SW_HS,MX18,SW_MX_HS_CPG151101S11_1u,,1
MX_SW_HS,MX61,SW_MX_HS_CPG151101S11_1u,,1
MX_SW_HS,MX50,SW_MX_HS_CPG151101S11_1u,,1
2.25,MX60,SW_MX_HS_CPG151101S11_2.25u,,1
MX_SW_HS,MX36,SW_MX_HS_CPG151101S11_1u,,1
MX_SW_HS,MX15,SW_MX_HS_CPG151101S11_1u,,1
MX_SW_HS,MX10,SW_MX_HS_CPG151101S11_1u,,1
MX_SW_HS,MX44,SW_MX_HS_CPG151101S11_1u,,1
